MISER,MISERV,MITSTDT,MITSTR,MIASFKWH,MIASLKWH,MIASFFL,MIASFLL,MIASLLL,MIASLFL,MIWHY,MIMOD#,MIMTYPE,MIVOU,MIPDTE,MIPCST,MIMULT,MIMNO,MIMFG,MITYPE,MIKIND,MIPHSE,MIVOLT,MIAMPS,MIWIRE,MIRACTION,MIDIAL,MIFORM,MIRR,MICLAS,MIPF,MIOSER,MIOREAD,MIOKWRD,MICDTE,MIWHSE,MIMCT,MIMTRS,MIOPEN2,MIOPEN3,MIHANDHELD
251173475,3,2025-06-14,,,,,,,,,,Sensus,,01/01/0001,,1,,,,W,,,,,,9,,,,,,,,01/01/0001,,,IPK,,,N
251173476,3,2025-06-14,,,,,,,,,,Sensus,,01/01/0001,,1,,,,W,,,,,,9,,,,,,,,01/01/0001,,,IPK,,,N
251173477,3,2025-07-14,,,,,,,,,,Sensus,,01/01/0001,,1,,,,W,,,,,,9,,,,,,,,01/01/0001,,,IPK,600,,N
251173478,3,2025-07-14,,,,,,,,,,Sensus,,01/01/0001,,1,,,,W,,,,,,9,,,,,,,,01/01/0001,,,IPK,600,,N
251173479,3,2025-07-14,,,,,,,,,,Sensus,,01/01/0001,,1,,,,W,,,,,,9,,,,,,,,01/01/0001,,,IPK,600,,N
251173480,3,2025-07-14,,,,,,,,,,Sensus,,01/01/0001,,1,,,,W,,,,,,9,,,,,,,,01/01/0001,,,IPK,600,,N
