MISER,MISERV,MITSTDT,MITSTR,MIASFKWH,MIASLKWH,MIASFFL,MIASFLL,MIASLLL,MIASLFL,MIWHY,MIMOD#,MIMTYPE,MIVOU,MIPDTE,MIPCST,MIMULT,MIMNO,MIMFG,MITYPE,MIKIND,MIPHSE,MIVOLT,MIAMPS,MIWIRE,MIRACTION,MIDIAL,MIFORM,MIRR,MICLAS,MIPF,MIOSER,MIOREAD,MIOKWRD,MICDTE,MIWHSE,MIMCT,MIMTRS,MIOPEN2,MIOPEN3,MIHANDHELD
250796232,3,2025-04-21,,,,,,,,,,Sensus,,01/01/0001,,1,,,,W,,,,,,9,,,,,,,,01/01/0001,,,IPK,058,,N
250796272,3,2025-04-21,,,,,,,,,,Sensus,,01/01/0001,,1,,,,W,,,,,,9,,,,,,,,01/01/0001,,,IPK,058,,N
250796343,3,2025-04-07,,,,,,,,,,Sensus,,01/01/0001,,1,,,,W,,,,,,9,,,,,,,,01/01/0001,,,IPK,058,,N
250796350,3,2025-04-11,,,,,,,,,,Sensus,,01/01/0001,,1,,,,W,,,,,,9,,,,,,,,01/01/0001,,,IPK,058,,N
